row,col,ToT_mean_200mV,ToT_mean_300mV,ToT_mean_400mV,ToT_mean_500mV,ToT_mean_600mV,ToT_mean_700mV,ToT_mean_800mV,ToT_mean_900mV,ToT_mean_1000mV
0,0,35.493547379825614,98.98528663610007,140.74017115989616,163.1025712940132,176.6939676765607,186.45226668322243,194.02782889905234,200.1219756308414,205.38238526685905
0,1,31.329908076254608,92.04827686280449,136.41756642194028,160.9120097513927,175.33377410979932,185.26350176917597,193.06835444630207,198.98250705929215,204.14822885363867
0,2,41.73893312249279,99.59183770846083,134.29098281679708,152.2484537427097,164.9267510465597,173.51072608024123,180.03314830511394,185.14525524425252,189.31377036586122
0,3,45.39200632902704,106.59869804327488,141.4626868446409,159.49400660930155,171.60256922954295,179.8184558320478,186.7578902054902,191.7310208401991,195.73504640961977
0,4,40.78394599281256,112.8313122711831,158.5810479426276,182.40662296284432,197.39968993120505,208.29197971966255,216.219991341035,222.82211626744902,228.14611072541564
0,5,31.66397253523451,98.89652917678504,142.6574303579667,167.27309866260057,182.6957192521225,193.69821706656154,202.581461912453,209.18527718212874,214.74190178541767
0,6,37.16082152405367,149.2147162366701,206.6451974076486,235.16975365645834,254.15791639696485,267.74976881816457,278.81770865697746,288.2340770688867,296.24836200033565
0,7,29.222178824189292,89.1132060119273,131.56785185773376,155.7264580417249,170.65054628421817,181.19391090316012,189.26923893233925,195.6302644469431,201.12490700310852
0,8,39.67843161262422,88.98588313676522,118.27223377645052,133.64498239540643,143.47722626186172,150.37699751001378,155.84016404197817,160.20043231246396,163.9585032187156
0,9,27.98610333926508,103.35550807743783,149.36410406327008,171.61981144211626,185.68242274425154,195.87238759274794,203.79284154381816,210.2727066012998,215.7742587291279
0,10,58.80724176237417,141.25982724760263,184.11091986129173,206.19219412949136,220.06433337477517,230.35686827464605,238.5703732628241,245.20228328335594,250.86513573471763
0,11,20.364501756719523,83.82584393756306,129.15339435078008,156.68945785764345,173.85204641863174,186.02184213436638,195.12588015217034,202.63437103686138,208.91093465170917
0,12,23.88646461142888,91.44070841271665,141.38833882218498,169.52249247277192,185.83494024230865,196.9042628132891,205.28707955026894,211.85802970178577,217.5418769425775
0,13,49.64641067781785,104.29991073191492,133.14681192391987,148.0746493391803,157.64456245778402,164.71222984162966,170.23136725584368,174.57225276377704,178.28408731100393
0,14,15.609916194059856,129.3410188983521,214.10366327422705,265.365345153414,296.86511265002105,317.92825947824207,334.31696540282474,347.1058090196574,357.6900022192844
0,15,35.33544107270115,112.52826306972311,162.90709473466927,189.06437518086554,205.36984816123706,216.57682934945765,225.38421678369528,232.41496263600794,238.24712994448052
1,0,27.713103545453304,77.64218227161862,111.76448208372149,130.84582978882736,142.7813211709485,150.7827597739336,157.35139342869275,162.39996997668325,166.74291350944628
1,1,29.519152927722878,61.63479633978729,81.84641466948707,92.92726523832783,100.07856465505682,105.08310338959642,109.0496372470967,117.05564756536104,114.93331541162951
1,2,24.82096879865084,62.49746783786771,85.24405284733433,96.42411243836479,103.77674317859082,108.7697800535799,112.9818498667266,116.38796246796313,119.32108231724337
1,3,17.09172138847924,45.43172393222984,65.60570681705968,76.6080400502091,83.49798572431997,88.3017722726948,91.96167323566837,95.1236730485538,97.79728594441612
1,4,27.27548978673336,66.87275280112709,94.64908495031649,108.85500353637134,117.63075556093757,123.72652013085022,128.51771317912355,132.42945783283878,135.64290989359986
1,5,9.26560487706765,31.17635037838182,48.5319287100041,60.19911951666009,67.27041258950561,72.05675207348659,75.71300424344678,78.49813565314254,81.00448062737183
1,6,30.294887334390317,68.11145686509188,93.70905894842218,107.8205881686597,116.5711420659063,122.69177345661889,127.62042226809749,131.7321706010825,135.0896547879325
1,7,27.07438535453371,61.538444409050385,84.37970637559084,96.68521303539468,104.26543757442819,109.5407318969706,113.74397889322388,116.99367108521581,119.88549889893757
1,8,20.994976035237602,61.48409583446866,87.21937716555166,100.61939007461773,109.14036296548684,115.38195323596894,120.26022952955022,124.2076369054292,127.59082416339257
1,9,13.575281672908837,43.959164147950716,65.4932621709751,77.45046430692652,84.81106851043597,90.143557059535,94.19376519118543,97.57502585731004,100.38085376257048
1,10,7.9283969384521775,44.28075597466469,73.44099231594956,91.2958124798183,102.11264697588257,109.25428795080579,114.82109926554683,119.23830973427184,122.89214520077259
1,11,29.04113796519574,69.59397711029628,95.6516155041416,109.1469360908902,117.17025856230256,123.11628603230889,127.4146352463677,131.03509176208863,134.101306017211
1,12,32.23348110525791,67.16895226636369,90.14543116377521,101.67972521790361,108.73350822515367,114.07173227122078,118.32158861509211,121.96260022252834,125.34666095919268
1,13,19.73265057494147,56.7400713179663,83.08761697638963,97.91881353722874,106.9370594826574,113.48072174018226,118.20973368453451,122.08249448405698,125.17978407017445
1,14,28.820058265862077,55.5393845597648,69.03486283000247,76.00509264439319,80.83117643868417,84.49579657832355,87.53204351258701,90.18497581463886,92.98701112581549
1,15,1.6239001328445477,3.6763754330845657,3.538669017415473,-201.63123763817256,13.26881031994318,16.2105034234819,-221.30244472372743,-209.2155449055362,-176.06834777384222
2,0,24.33442126406568,52.058643932143916,69.78337760655411,79.76029376610207,86.1592513497687,90.77242319150191,94.48152793871742,97.41132095480813,99.71568689756276
2,1,20.377371204743543,51.06836335933946,72.12559706501537,82.03066976347633,1.5498375326768863,1.0516814469547335,-86.96250938952024,4.820983671110323,-51.96439221813276
2,2,22.584461927518824,75.27229866773011,114.5382880003683,137.09129210977596,150.527283236511,159.96643792718987,166.756895702684,172.24813079565232,176.5135224269203
2,3,19.436985941230578,49.57278892533336,72.13967029879588,85.95404909110462,94.3737020258267,100.19498024880717,104.71534572693673,108.10503384890215,111.23047279917283
2,4,27.942529229258902,60.02949122429591,80.64280554227,91.56449195771592,98.56673367652397,103.49053525048458,107.52848498068072,110.67735260985462,113.48341034182582
2,5,17.284854181641393,51.28212333015559,77.8411776226503,95.55629817280891,106.09939089476242,114.33950165584851,119.9789973535179,124.2186160696048,127.75626954520911
2,6,9.78077642539522,44.94531387036971,71.8449750515912,88.36994007685884,98.37773381643007,104.89098537515073,110.03862629923047,113.95171144392094,117.31263439246175
2,7,23.404655477242,62.39495395646319,88.90480604188525,103.55439222597626,112.63404704169571,119.24943057359445,124.28406249706097,128.30660035599863,131.60521412116992
2,8,38.46197959913861,100.54853986044614,135.9328096003365,153.68297804119484,164.94756836261317,172.91073303259665,179.23515205671941,184.62183932313147,189.06523014818356
2,9,38.49187488728976,85.78157845210897,115.07971262900506,130.6968220986155,140.66296756525256,147.6756469045774,153.3369214999067,157.7357350018502,161.42239746995295
2,10,26.856516282700966,64.14097435494735,86.28636769036817,97.38772786139756,104.39764783819008,109.43817084527382,113.39438433367656,116.66417450144624,119.53337029980365
2,11,2.264283912007922,59.1397477513891,67.49014103595907,64.7757448826832,62.04271234844042,-71.35864721817919,-128.81734111627478,-50.417790717805616,17.021504072200422
2,12,35.545831107319756,63.07385744945041,77.22926607033436,85.17383461516506,90.46154169238052,94.61787114658897,98.02137084892706,100.61356396601643,102.83248249522522
2,13,27.910742583049938,81.23618147251936,118.45538432127496,139.5636366890181,152.1074425338381,161.01875149445618,167.8592978609847,173.13275837420912,177.72864747181447
2,14,24.36586385790081,58.076458976067954,78.51336576140879,88.8815457380238,95.36206229642504,99.92675657036096,103.48090839552667,106.54627445768243,108.95650063849136
2,15,21.99049847455778,48.20255569238633,64.28012718726376,73.06535998931388,79.02531083585956,83.34988585057438,86.68267479843203,89.53408545280622,92.15742910778589
3,0,9.935145434969394,35.43696128518405,53.27417493328301,64.60082439845422,71.78769488013715,76.93196010035126,80.93451923932251,83.96914683885733,86.61416741973667
3,1,30.30672235072416,62.42585190653934,83.35349479236132,93.90868394378043,100.47131749311215,105.08464595862942,108.75020981871636,111.78124085532582,114.28457757937906
3,2,31.44904067090182,71.8567870310209,95.50300124754142,107.60694731047789,115.76978537867964,121.67913655810419,126.17996468523475,129.88807139656492,133.57402945936576
3,3,22.131574771012133,54.96017057154099,76.23635031319712,87.07985449577745,93.86212446488508,98.85753089008224,102.64363467564537,105.81745038121403,108.34093834212678
3,4,34.970590985768794,69.26988590197018,91.5537533165687,104.22438608957536,112.41132824012338,118.32023180248798,122.75907272834345,126.40754904044823,129.66689929639534
3,5,24.08921072688104,61.66336172797882,88.42618250684505,103.42799170799977,112.43077224670093,118.80073955252253,123.8022200114355,127.83595644044368,131.3386524122803
3,6,18.012834552888755,53.44173865088053,75.62749360593207,86.63395812313004,93.35848903413064,98.1810356584696,102.0124270796274,105.07665763750722,107.68330600754777
3,7,10.50504213023247,39.65014417759867,61.2156700131551,73.72945878445593,81.32577362366564,86.3834314718444,90.29607911682169,93.45133082724729,96.05548867053427
3,8,19.84693040805454,52.654814254376,73.1733768313814,83.205181130888,89.34272234786023,93.80739388118272,97.36304012009592,100.21445236405367,102.74541264723325
3,9,28.11266954539485,45.828285939902145,55.647203805951875,61.54111627646904,65.7622458089756,68.8489155854931,71.64985155804163,73.72776352605126,75.76788280911694
3,10,11.513576326619475,38.113446960446,58.49574019753737,70.99605257050689,78.77077173889492,83.98246579940296,87.97934516696661,91.00358551606507,93.71424264536452
3,11,35.37942224856103,71.09996453517799,94.70900330106792,108.10668795341034,116.5750788395623,122.72376458326713,127.80414989589238,132.22953279307384,136.20351711401668
3,12,26.887973106727312,67.1495115088696,94.36012618389006,109.51377374973652,118.82626487686579,125.41586469657331,130.65963746820202,134.78207780782137,138.79192597032147
3,13,29.34444141956859,67.02542686422538,90.60977512339696,102.96409508685821,110.56751960834326,115.92128318987547,120.16740992815873,123.50112869808338,126.53716263514856
3,14,21.517213205250435,48.40399562122939,67.20445018859469,78.01468026980407,85.09869173712855,89.90355461966375,93.77711276843067,96.96274279777262,109.9356241075615
3,15,26.200538936412517,57.61986868509123,76.56921277831525,86.20942272945456,92.62886386700242,97.29369889093773,101.04247257704748,103.85474994595147,106.45999669372198
4,0,27.09397581517182,51.87417337617857,63.58508499886552,69.88399538845586,74.29594941533433,77.65250551429006,80.38094890162819,82.6393115405043,84.66654123876411
4,1,20.740499386515825,39.98319933801155,51.35338339631177,57.79121918363049,62.23375101146731,65.57821515250731,68.40203603439646,70.69508538741067,72.68581454954138
4,2,26.638487042393876,61.92966306093608,82.06524776607884,92.26384089443684,98.96832724919135,103.93826894569642,107.82610334527165,111.00950943495795,113.74466488273355
4,3,24.497717552438623,74.99607257451295,108.51078877809005,125.33458123783143,135.3362752439265,142.53195423727928,148.1376471597314,152.5751848202602,156.48259913021684
4,4,15.55758495919686,48.94282965386849,71.98421281332497,84.75150227657383,92.81044788588838,98.45331547246889,103.07422765427853,106.59414666866041,109.60460264474564
4,5,20.4009994690629,52.31730641897282,76.61475968029491,91.56300596626104,101.29892290265802,108.04619366025929,113.09308347241638,117.15627792133019,120.7629522375519
4,6,27.888320856487542,55.530205717137164,71.58960912886863,80.33532304803687,86.00844766745308,90.27632138782792,93.59396156848652,96.45616183926802,98.88607342297537
4,7,42.189233537690946,81.66866363278089,96.16984639320727,98.84315432622347,95.31046855680349,96.70902960887874,3.5306614617989487,98.88978709694469,95.98680128231773
4,8,27.67651042247723,63.165634720074124,83.04664518548688,92.777082193102,98.87953608222497,103.48192939623108,107.22633083178229,110.1278727051416,112.57388975338253
4,9,30.90852123693069,68.40704373127215,91.06456476279934,103.5034837068685,110.97287375614589,116.7875681617901,121.19779102665449,124.96789839408633,127.48231682987668
4,10,21.08626665838635,57.35621255994444,81.52847317237892,94.78888615302722,102.74907320136498,108.52184056240164,112.98051742722599,116.48473593690908,119.46736601360534
4,11,30.196463003827315,66.41748148096863,88.69520507597791,100.18459813727789,107.75380844982057,113.07934627264936,117.29077587071491,120.97878798244628,124.02572571791879
4,12,27.405722072072706,66.21646682354896,91.47367510049285,104.87014627141254,113.06232451377169,119.08954127094056,123.85821509496256,127.68842432017101,130.97563732305258
4,13,41.376967602824706,78.63529998605289,97.91087592319494,108.45675329702132,115.64747331321114,121.051998849871,125.62643781641343,129.1839211464623,132.3990690898329
4,14,9.193841026776362,36.9790289247732,58.73787795606017,72.55071504720972,80.97640557346769,86.76154582050557,91.16797226238444,94.69301744539904,97.71291083123263
4,15,17.97501134616933,39.424465246708756,54.49212322473343,63.4078570560367,68.64162335386544,72.36703663147283,75.23603443039684,77.52493974215906,79.55454497117965
5,0,0.0,0.0,0.0,0.0,0.0,0.0,0.0,0.0,0.0
5,1,29.37877455152261,67.01622551551421,88.85688750709245,100.17786290606281,107.67989874003395,112.71840076138518,116.87035408395032,120.26337004915551,123.3141942488677
5,2,21.585288961691894,55.229196871954855,77.77564955241986,89.51882103293386,96.63996609291003,101.7828855097179,105.69168586383658,108.98144127554046,111.55492116313069
5,3,1.6661418574885511,61.273862831701265,61.20389243339436,3.522406820092348,53.74857794927753,60.85645092234962,58.70690287284906,57.429581128794986,15.169431772511546
5,4,26.54654746075975,60.79239993547452,81.71502493559352,92.35553581943454,99.07448891927947,104.00483032272392,107.77479359044122,110.90763000436142,113.59071873230742
5,5,27.7620496857913,62.73360944239291,86.9521698879109,100.60995401475357,109.00070926510917,115.65848192365394,121.46964489305779,126.5777256188092,131.47479579373405
5,6,23.515805072940395,46.83684281250313,58.81400791063933,65.71051255718424,70.48014227714972,74.14352497435017,77.16063080995661,79.49029518052822,81.53396056810163
5,7,25.58436695660694,64.44828270542207,88.29148417053226,100.35108452042053,107.8734211373026,113.50663400755111,117.87403091916146,121.53586419610609,124.3490742357443
5,8,2.0435451866490606,1.6755916633987218,108.66788488150884,110.42532742041683,111.40356860915787,3.8141456382916323,-1.0510966460001527,0.7702083635288398,-28.742173304273958
5,9,40.96382760797522,78.47562851146178,96.67865270623595,106.15974803124497,112.89844672273931,117.93373494325039,121.84191543389187,125.16424726632741,127.95115765065484
5,10,-35.438497776363626,-39.5681114114495,-15.42745656420645,-123.37786392024692,25.335464962620094,-35.1970269478362,25.387062281100548,18.002247877657172,18.516054149628882
5,11,22.526632802021535,40.60164830096444,49.988735497441866,55.26959796069838,59.19127131161716,62.2849002605986,64.91179870777471,66.99495354158479,97.0483442397678
5,12,29.446532762939995,56.37805804995722,71.10631703507339,78.8520880759723,83.87383013141606,87.56646040623978,90.64771307320906,93.1465502124383,95.60613113279341
5,13,34.48377711710778,90.7977626401527,126.60169708654173,144.15694532814496,155.051309335491,162.88187646629794,168.8012822271293,173.7005623435023,177.69753154019705
5,14,14.440524542042949,37.93926339330817,55.54206529751165,65.16967107959725,70.84398451185791,74.89231714376456,78.03978033768067,80.52533096452171,82.6948648249741
5,15,24.83276681074022,58.715324431414835,79.99900127545683,91.1045487922713,98.15983274353478,103.37348752984815,107.44944920897038,110.6278333264559,113.56395142483748
6,0,18.104077635640348,57.51103335213307,81.89386722191344,78.33650649474083,3.6055802191881607,3.484639382065698,81.312855689414,79.61781147376624,82.88116672252926
6,1,34.501919778435926,70.30223487911236,89.27835650328764,99.29608191506807,106.05008105369183,110.85610743103466,114.51344503506608,2.294978776383465,10.875736697174743
6,2,3.5621776627977852,6.098527970597782,15.750350685988503,25.539245528440638,25.558988551988637,16.85948886450239,16.282892464586435,3.0640177543940457,14.308119395962485
6,3,0.0,0.0,0.0,0.0,0.0,0.0,0.0,0.0,0.0
6,4,20.247753693561577,1.6986635472571916,72.80754812846452,81.53483759948372,-1.2951566404528256,-6.974352032517725,-10.69958140100911,-4.518065370108585,77.72302121891552
6,5,20.276375050724784,47.246034184310524,65.5260084467391,75.06064240845684,80.99211398707872,85.28293313277905,88.50496033196845,91.236425097887,93.69179545516788
6,6,17.465322066332835,39.90553567783657,55.258611217113646,64.11965136093788,69.5537131573352,73.3625464073771,76.27317363184258,78.64594222990782,80.5715480115316
6,7,16.58784241877992,43.10163021571698,62.90113227729927,73.3381178172388,79.60845316150204,83.969437453264,87.3044958580155,90.01393832323053,92.26925767489854
6,8,3.507308952008752,-25.736489197624728,-103.07524788253158,-17.43840155405463,-96.90368757639831,-1.8762537514222475,-203.421408991394,-75.92695050823308,-7.134103792961369
6,9,41.21824923387922,96.76701032873632,130.51730396588783,146.64956334171208,156.82002719456025,164.35101907928157,170.14961117929423,175.01616387879972,179.1408568984072
6,10,27.14224013896976,70.85995838053445,94.15411604749326,106.35080146611263,114.680041918063,120.77067811535088,125.65405861746413,129.48768544570754,132.95350452670073
6,11,0.0,0.0,0.0,0.0,0.0,0.0,0.0,0.0,0.0
6,12,36.71002788985577,75.17928944854037,98.11368424746837,109.10388795719028,116.1780291627079,121.29975205736119,125.31984687590554,128.61127708582237,131.4390995879105
6,13,14.770491142675036,46.49928974560058,70.97058209660948,84.59342485757838,92.49965423765046,97.83227820114676,102.06145082544786,105.3751930326469,108.1266362536617
6,14,17.365865828022656,56.725445056880574,85.42196548307587,100.94157431126054,110.145582095441,116.65329801261913,121.69542464965902,125.60166052085009,128.9237581451829
6,15,16.609322762297527,44.87446879308282,66.27659065101349,79.00391397630158,86.58554588458983,91.90949612942323,95.88962540633592,99.10858867827189,101.84498641930657
7,0,25.531324680837834,60.95725829597037,82.57429881627934,94.12666694306068,101.60484122641844,107.1974921242653,111.55396814099291,115.12671448986144,118.15137321891906
7,1,11.113732210507123,38.46732694839342,58.44774793853911,69.367804645538,75.98101975400282,80.66078212123209,84.25303540967623,87.09762835154821,89.52824577669121
7,2,2.0236247409010075,51.5033696375115,57.01164960436667,61.725624494502284,55.579447607902004,58.970345007910495,58.006169219896236,62.97530871835811,3.3227085740281708
7,3,24.673014564799615,56.85391198437549,76.29586180893378,86.70311853123705,93.42108428321943,98.38100385921366,102.26708670748967,105.5813497775781,108.29813470361624
7,4,34.95459087385521,76.81368955221623,101.43273850580121,114.07526263916087,122.23202963702435,128.2416489596644,132.92619570259683,136.72698723420885,140.24860984766758
7,5,3.160726748161341,3.003026963047393,3.5283939665197996,-26.97106880987772,-158.5520931632845,-100.86003572739077,-19.360696127149545,-176.05594167790667,-51.62419528763319
7,6,35.74600941738198,70.01563164792279,87.70796773245479,96.93349887021849,103.01775095100982,107.5880362708869,111.1226300580982,114.14174300646688,116.58370995889855
7,7,25.352124248099617,55.386964860653414,73.75760722397213,83.59154486649769,89.77453857979994,94.3921118888127,97.9744163311035,100.37485557688842,-15.599929455983672
7,8,31.888825105759505,68.9235472949738,91.94807005815412,103.79416402241246,110.89586705187914,116.17555693651936,120.49278752377961,123.699124375092,126.32689867014373
7,9,25.17722328487337,62.35814104729252,82.85640253016182,93.13954171780719,99.76665067516329,104.75223075233095,108.76987658242447,112.11868685250981,114.89052801633532
7,10,-31.729357008201436,-103.98437696972009,-75.36304516866414,22.579051582885967,21.32314097776509,-110.11486207917225,25.374446526511147,13.685509253288805,20.50540763833015
7,11,17.952193890576375,51.76623526470036,78.48097992753226,93.1612572543168,94.18674911353132,92.18334792484359,91.31142347141642,90.24377511016975,94.11239282733825
7,12,24.358416682020245,56.73122601139485,81.89945390029611,97.62327416007686,107.00975581505075,112.94597850777957,1.8275417548353439,6.606877115860053,-13.179624885361154
7,13,2.6293227162144692,39.7747348912004,75.12340145154852,103.31017349966619,122.8176710532798,135.4695347295659,144.48990783050704,150.9679522004556,156.2908576538716
7,14,29.853401740811286,61.93193874836921,82.03846321782505,92.69954466410167,99.5036002480835,104.35774828965398,108.26564355978472,111.3818555884368,3.4140864768400334
7,15,42.435743531852964,114.71662945634219,166.79914311208552,193.4886036892498,209.4457174030538,220.44667968026286,229.25822970121635,235.8290841660373,241.7513860195519
8,0,3.538215414994456,-17.64352883852215,15.386474706587602,15.226717777885785,18.8837143968635,20.535594034362866,11.669954928092762,13.146844231198418,-0.34781402827444374
8,1,28.95983980779893,91.76172812103079,142.33296681140718,174.20252538998477,192.77425784068316,204.92020069200046,213.92321025892693,220.9936774141687,226.5395986444733
8,2,19.96062289778969,51.02733103670769,74.49519017953692,88.63186720910673,97.44331598414176,103.58693565153824,108.26542494562506,111.94757830103708,114.99578621984865
8,3,42.086860309267074,89.88576735251954,115.6081535261422,128.22782990435897,136.4386626771699,142.4891173574902,147.23437072676995,150.99527709392748,154.26794684958992
8,4,29.43290975232915,62.42610607789306,83.55741148773794,93.59729060148908,94.53709014335122,-4.302439808311616,-2.328764265924822,-80.91994143729238,-158.52299935346605
8,5,15.161800832884916,42.9728741044868,61.90123173615279,72.0391301832804,78.31063465135546,82.92016643813743,86.51478417298941,89.4964068066547,91.98218362636071
8,6,-28.447688070020575,4.764989129707064,19.766688300257545,15.688205628360327,18.52416240476791,16.39499000291103,16.50243324490282,16.36890818079912,13.434935093808056
8,7,33.80440647670647,66.70958613534599,83.87094876933966,92.68988654684597,98.677410522421,103.11780718412699,106.66401555406786,109.47978392233365,112.13010875297283
8,8,1.6298870907701242,51.79304950863182,3.5797366865719367,3.566583417193212,3.2691672682957345,13.399912523635631,-7.506913272855127,9.202295477985686,-126.99930354824173
8,9,3.538178674197551,23.923704495141177,20.795135528515143,23.687623587965852,21.129550724699186,23.011000044454534,22.426080933574138,19.48801715468413,20.544235976145345
8,10,21.975983366296365,72.25786812732994,100.551487371136,115.51888256810635,125.12633139720138,131.80091931622383,134.33558478684301,136.05052099708627,136.75909437499683
8,11,19.6993250256617,56.2896741766208,84.65390817365257,101.2909726927396,110.98940778329347,117.60271881121153,122.6694526634989,126.73703160388179,130.0003095174438
8,12,16.87102589262913,52.46175129640445,73.67980630259163,84.69697601600296,91.74053501366409,96.69957547881795,100.6894358689392,103.96547264790648,106.4422967880465
8,13,15.072801893717067,32.228189028314084,42.21789862973813,47.54232088270261,51.1050287493733,53.878621030695435,56.01387174634144,57.785937960792566,57.73364413698712
8,14,10.629818698692896,35.763281385480575,54.37396964840043,64.75444476894843,70.8490477572104,75.17292034418129,78.42341318316883,81.04329448593107,83.22068232715421
8,15,17.13494389718985,61.07613963625356,97.03528191550687,104.31330517184088,106.58244794895263,3.6748997012992475,-25.393339943738482,10.671745606401588,6.502692187302281
9,0,29.724140069835975,69.50855253098119,90.81714767503222,101.86978331322872,109.08064343551682,114.24661390122316,118.45583496441482,121.79621362483111,124.71169954384237
9,1,0.0,0.0,0.0,0.0,0.0,0.0,0.0,0.0,0.0
9,2,2.3187445311792674,3.5146266702324733,1.8688213186412204,-70.44874512527319,3.5406851521411795,-10.805106204849293,-38.53885457675365,-0.19140266713005316,-9.383854415023452
9,3,37.203225956538134,85.57958963387424,117.69092347700312,134.90181559075268,145.80400745255184,153.62964493646578,159.38368331558837,164.08352670571946,167.48384635928517
9,4,10.584215507549894,38.5145343274145,63.406558026092874,79.00805929258905,88.11073784494127,94.03212341733605,98.41207249112783,101.40674630985669,104.60917545754785
9,5,26.457340200523102,58.50855473402856,3.5902916787996424,62.44236085430496,3.5696171066555413,0.918264676826571,3.16835080212945,13.001609018793253,12.30051574066045
9,6,25.98993359206144,55.76842252635166,76.83650336127623,88.5286166320017,95.7922855266624,100.96399659175725,104.88432042006615,108.07614735913852,110.84266185439941
9,7,26.905098847378483,51.25311227375929,50.52546647355008,53.77045915824303,2.7568207502573348,-278.14602647221847,22.601081266421126,10.887546752246559,17.920090485127492
9,8,24.067994060165297,61.20267092755079,82.88325681128826,94.5276997160992,102.08846611546592,107.61823624563277,112.05365779633571,115.69602686311258,118.79478543573956
9,9,20.080663648810383,55.16748797011179,76.59536278811231,87.98816763385305,94.32230489297166,101.04543758343965,105.34372717781488,108.79975550914314,111.60316300957128
9,10,24.428141077617003,62.723071558015434,87.10633401459235,99.66916196901634,107.38226282295926,112.90030743691376,117.16547621436513,120.53125066597187,123.63015704837764
9,11,17.669876668952572,40.813639266742214,54.89946982025618,61.66569597700458,61.11260597372465,63.32043798095652,69.74370901353932,67.26111866096981,64.77555204194148
9,12,35.2031976173302,76.1199704238341,98.09563936583604,109.59366387328738,117.07270537945007,121.97947586637576,123.17503107189077,2.9380945735906208,12.839513229503385
9,13,13.90138179477992,41.75107717739609,61.03096956849479,71.84361963516011,78.79784991482799,83.77188804023966,86.35013128613198,90.72558246212171,93.50122642282741
9,14,28.184192797175083,71.70396345725588,104.27414053707457,122.68544348045135,133.42906298704926,140.91314979730168,146.5825316702843,151.04418116257827,154.72453184492204
9,15,3.566165392543256,24.963106159438745,24.787446304696374,14.885190653166418,21.770843608413827,19.151463859277765,21.033959552211343,25.538940882332685,17.752152574200597
10,0,35.11320984334496,84.39430200307983,104.69502317527649,100.35722554345294,104.23804339230885,103.24535376358787,102.81797211251816,104.92111697715794,100.38544501769924
10,1,30.387212815870527,78.27817445076045,107.58824421340066,122.65853660788359,132.29768922682925,139.37822701002435,144.96036253552785,149.36508014049838,153.2444359009679
10,2,32.50033252680011,77.20338621542429,104.80326757134573,118.58632521341825,127.33743280967445,133.65357467397658,138.66192573554568,142.828115348918,145.60686253324172
10,3,14.76783472210708,38.63527727509237,53.84605330282853,61.55384182685731,66.22300351249395,69.66174234880039,72.41513564242871,74.71295193320759,76.52461340061632
10,4,15.536002613960179,43.25517829989532,62.03242968799998,72.17987479057865,78.3422011650072,82.7710320171319,86.30605449527249,89.07812348303226,91.3891439757107
10,5,17.2128004778098,41.73828568394054,59.07913676027168,67.97635053190677,73.37748332599367,77.26611116179808,80.29295859609407,82.7752156226471,84.92804141730848
10,6,18.936657929415535,45.163317011355,60.5063985577262,68.36615090875475,73.37443743472467,77.11967694991007,80.02870942489635,82.41057301573956,84.58126707862351
10,7,14.217886968888097,49.514130743447986,73.21930824576636,86.55322315581871,94.95886311751073,101.12734275434931,105.8865064082265,109.74905486772754,112.98272082719755
10,8,22.795782120692188,47.347643141953874,61.46701536266667,69.23280266822532,74.21813757143033,77.82964918821163,80.79054112661599,3.0550596083720745,3.5429808174887443
10,9,16.11367478957457,46.36703829959898,67.71167337222195,78.07475369630325,84.23097227220136,88.49628697840033,91.80668899994494,94.38826835753126,96.67291241668981
10,10,21.217115558140154,56.10611673891425,79.28662349375738,91.15121571132676,98.37490959050325,103.58007597490412,107.63747847516143,110.89942423279705,113.60271566594737
10,11,17.31992379510571,44.481442759502066,61.72893846984787,71.3603856996597,77.72478408164031,82.42479780146087,85.93348159088184,88.75490715510175,97.25055056389606
10,12,30.021898131522565,69.56149935085953,90.6033621696755,101.8741886522792,109.44682088566832,114.89559405911237,119.25454132523559,122.98681251400406,126.15504366239445
10,13,13.113472612471003,41.28586103406839,62.309298744798284,68.42992722293428,67.02861628999808,69.32737018265223,70.06280915628399,70.84505737881332,70.38732935542728
10,14,39.16185042857119,93.59828971850082,125.23230603808248,141.72358406443124,152.4941759442077,160.46259184069316,166.58498031659232,171.6326289230192,176.06201304657338
10,15,28.1850832710174,72.84011874010947,102.96958065010794,118.4530808179486,127.91678146608962,134.31117511997297,139.41800376184253,143.46182103338595,146.82073276371332
11,0,20.46946313198881,61.00764628488968,90.59733735173613,107.91467338451243,118.47945850808858,125.94671522253824,131.53043591640719,136.0032264009221,139.95235279207228
11,1,24.63894458142741,65.9947563120905,89.16859532980925,101.37372726523729,109.16020099173205,114.87442505619843,119.43180047443995,123.1777431779221,126.36464914357988
11,2,8.405018402743243,50.84685573940804,80.23057589245757,95.79501423042427,104.9420973061509,110.51286051347948,109.97096953588078,110.29881795849785,112.00000349814981
11,3,18.199181174144325,45.09957785624001,64.16108878139516,74.39797248686244,80.71778036397612,85.22684478728637,88.65599051357769,91.38559748922204,93.87566048500854
11,4,13.416548273421787,38.49386751442943,55.07480886245821,63.83251353610313,69.44378097625267,73.4464858066605,76.63553389526122,79.19296622313288,81.46648070799722
11,5,3.493394911637691,3.5698629923048584,12.418341733834097,-14.53966251618893,1.0959845964131099,-32.928483472984105,3.52124322325294,18.137204067806593,9.758608474551412
11,6,22.695738189499153,48.21722019664371,62.29156511636067,69.45325688065168,74.09207004703111,77.61565904656213,80.46067249862877,82.8429436179881,84.93877803724074
11,7,39.57630379719638,74.12800744658591,89.66647709945053,98.07714656102581,103.91589263332662,108.20290313593517,111.64354450942339,114.42234590235127,2.9283719753719457
11,8,25.418062184398167,63.27744478382183,88.88398354002086,101.98765846668589,109.80177587898575,115.38553597191951,119.66866618733984,123.10030570348744,125.85600151154631
11,9,41.167109584942494,89.15762460100457,111.72235338823357,124.26720604767945,132.61321486108724,139.18596274045422,144.47868817626048,148.9129932731675,152.83382492434927
11,10,27.70982425483348,72.7104175649939,100.08396689882542,113.97742401274445,122.99436116122686,129.3761832528713,134.66524040425685,138.86787945269606,142.51893826848305
11,11,32.90586448975455,77.35346752835095,103.11586561684246,114.55504260371345,122.39417759081242,128.254141598277,132.84774076086714,136.63123270384318,139.87065172642386
11,12,23.046081127887213,49.73038717433888,67.26237751918117,77.06271419763596,83.11090012647479,87.35976402345706,90.8175390874118,93.49460876161672,101.48505872715548
11,13,46.489341156876506,100.75406978766563,130.73214351172487,146.12247310703137,156.03977353183208,163.58622699963647,169.4201710985566,174.1693008000087,178.10431190484795
11,14,24.831749100498445,60.51255436457212,82.79517360431355,94.68338403772555,102.45551752659551,107.99085133386637,112.27987349235704,115.97982422614179,119.09671513118883
11,15,15.141555189291966,39.1859371201429,54.94807442072164,63.22776331005498,68.12235912336327,71.94855747250982,74.64119776967195,76.98554270781383,78.83449712900907
12,0,19.148250000872334,44.407551453743174,61.9911995979103,71.75615605749418,77.8444714491035,82.34195261494183,85.84234262690842,88.65424281665683,90.99923522489864
12,1,23.366650976836382,62.655786344633505,91.64217886849671,105.9888323050008,107.0543075630744,109.47326027487578,108.2259195210308,108.86438625253983,3.358714983021231
12,2,3.542978968804856,23.390407090823324,21.752644117056597,23.490833271098353,22.5969165591487,21.177915155480246,21.33247022547297,23.727900252976784,21.310151335270312
12,3,0.0,0.0,0.0,0.0,0.0,0.0,0.0,0.0,0.0
12,4,11.65510185106076,38.44321810125901,59.15419389931796,72.30030506009595,80.55853355504843,86.10488632726053,90.74693137728852,94.7123738029113,98.28165579964951
12,5,36.00158616556703,70.87856312558603,89.66430377575365,99.11608462529679,105.35019751481163,109.93671901388485,113.68608961461717,116.69725271284041,119.26829285432554
12,6,18.636162425725697,59.27544304058868,81.71694223838783,93.77027084522348,101.82936765342788,108.1238007680728,113.07178644040512,117.18876799112947,120.72441339197528
12,7,30.321028119660916,66.02326569635643,86.6750512869806,97.41926632127144,104.53424185643152,109.69720687349349,113.38051409371013,2.07243926897228,9.25680849324615
12,8,28.030498204819878,70.43507233505,100.2106820785722,116.02671139948427,125.57251341505443,132.09168768342667,137.0880396513271,141.17906745325888,144.24465212272008
12,9,26.810825853409767,68.81145729243086,95.48722455365957,109.21924718638704,117.74721865520156,123.51365316756677,127.77958074154643,131.63119619548107,134.90331832365536
12,10,13.650848786525208,50.738686283077556,78.37711796384518,94.29628992410468,103.79154164848279,110.3992766775629,115.45257621942964,119.31849721194098,122.5547939609894
12,11,10.535218617994243,37.41492501243781,57.98155512846405,69.77569250535686,76.74700911649268,81.52205909790776,85.1437889038044,87.95949447480695,90.45221187124092
12,12,15.849262632871419,50.86669678156858,61.794996726145854,64.00744070453113,2.922115615239036,62.54946021392709,65.15351465987546,2.402941435921345,-0.10738520649264194
12,13,12.947866541753777,36.16573122104716,52.450963086348075,61.51455870504413,67.09141825735544,71.1534532014404,74.29869849126727,76.70986782462552,78.87040199749714
12,14,14.019164403302337,60.5570852253814,94.76921543946023,112.5192157727106,122.93737414740652,130.0944198274182,135.58010533765466,139.84511465326722,143.6407535405482
12,15,0.0,0.0,0.0,0.0,0.0,0.0,0.0,0.0,0.0
